"id"@;@"region_soato"@;@"region_cad"@;@"region_name_uz"@;@"district_soato"@;@"district_cad"@;@"district_name_uz"@;@"area"@;@"region_name_oz"@;@"region_name_ru"@;@"region_name_qq"@;@"district_name_oz"@;@"district_name_ru"@;@"district_name_qq"@;@"district_title_oz"@;@"district_title_uz"@;@"district_title_ru"@;@"district_title_qq"
152@;@1 706@;@"0"@;@Buxoro viloyati@;@1 706 212@;@"20:02:00"@;@Vobkent tumani@;@295,761932@;@Бухоро вилояти@;@Бухарская область@;@Buxara wálayatı @;@Вобкент тумани@;@Вобкентский район@;@vobkent rayonı @;@@;@@;@@;@
199@;@1 735@;@"0"@;@Qoraqalpogiston Respublikasi@;@1 735 250@;@"23:12:00"@;@Ellikkala tumani@;@5 386,23682@;@Қорақалпогистон Республикаси@;@Республика Каракалпакстан@;@Qaraqalpaqstan Respublikası @;@Элликкала тумани@;@Элликкалинский район@;@Ellikkala rayonı @;@@;@@;@@;@
200@;@1 735@;@"0"@;@Qoraqalpogiston Respublikasi@;@1 735 218@;@"23:13:00"@;@Qanliko'l tumani@;@764,753479@;@Қорақалпогистон Республикаси@;@Республика Каракалпакстан@;@Qaraqalpaqstan Respublikası @;@Қанликўл тумани@;@Канликульский район@;@Qanlıkól rayonı @;@@;@@;@@;@
201@;@1 735@;@"0"@;@Qoraqalpogiston Respublikasi@;@1 735 211@;@"23:14:00"@;@Qorauzak tumani@;@5 881,12549@;@Қорақалпогистон Республикаси@;@Республика Каракалпакстан@;@Qaraqalpaqstan Respublikası @;@Қораузак тумани@;@Караузакский район@;@Qorauzak rayonı @;@@;@@;@@;@
202@;@1 735@;@"0"@;@Qoraqalpogiston Respublikasi@;@1 735 215@;@"23:15:00"@;@Qo'ng'irot tumani@;@75 842,8281@;@Қорақалпогистон Республикаси@;@Республика Каракалпакстан@;@Qaraqalpaqstan Respublikası @;@Қўнғирот тумани@;@Кунгуратский район@;@Qońırat rayonı @;@@;@@;@@;@
203@;@1 735@;@"0"@;@Qoraqalpogiston Respublikasi@;@1 735 401@;@"23:17:00"@;@Nukus@;@212,198334@;@Қорақалпогистон Республикаси@;@Республика Каракалпакстан@;@Qaraqalpaqstan Respublikası @;@Нукус@;@Нукус@;@Nókis@;@@;@@;@@;@
59@;@1 718@;@"0"@;@Samarqand viloyati@;@1 718 206@;@"14:01:00"@;@Bulung'ur tumani@;@768,02063@;@Самарқанд вилояти@;@Самаркандская область@;@Samarqand wálayatı @;@Булунғур тумани@;@Булунгурский район@;@Bulung'ur rayonı @;@@;@@;@@;@
60@;@1 718@;@"0"@;@Samarqand viloyati@;@1 718 209@;@"14:02:00"@;@Jomboy tumani@;@549,020325@;@Самарқанд вилояти@;@Самаркандская область@;@Samarqand wálayatı @;@Жомбой тумани@;@Джомбойский район@;@Jomboy rayonı @;@@;@@;@@;@
61@;@1 718@;@"0"@;@Samarqand viloyati@;@1 718 212@;@"14:03:00"@;@Ishtixon tumani@;@718,025269@;@Самарқанд вилояти@;@Самаркандская область@;@Samarqand wálayatı @;@Иштихон тумани@;@Иштиханский район@;@Ishtixon rayonı @;@@;@@;@@;@
62@;@1 718@;@"0"@;@Samarqand viloyati@;@1 718 216@;@"14:04:00"@;@Qo'shrabot tumani@;@2 159,76074@;@Самарқанд вилояти@;@Самаркандская область@;@Samarqand wálayatı @;@Қўшработ тумани@;@Кошрабатский район@;@Qosrabot rayonı @;@@;@@;@@;@
63@;@1 718@;@"0"@;@Samarqand viloyati@;@1 718 215@;@"14:05:00"@;@Kattaqo'rg'on tumani@;@1 371,93396@;@Самарқанд вилояти@;@Самаркандская область@;@Samarqand wálayatı @;@Каттақўрғон тумани@;@Каттакурганский район@;@Úlkenqo'rg'on rayonı @;@@;@@;@@;@
64@;@1 718@;@"0"@;@Samarqand viloyati@;@1 718 218@;@"14:06:00"@;@Narpay tumani@;@443,572113@;@Самарқанд вилояти@;@Самаркандская область@;@Samarqand wálayatı @;@Нарпай тумани@;@Нарпайский район@;@Narpay rayonı @;@@;@@;@@;@
65@;@1 718@;@"0"@;@Samarqand viloyati@;@1 718 235@;@"14:07:00"@;@Nurobod tumani@;@4 848,25537@;@Самарқанд вилояти@;@Самаркандская область@;@Samarqand wálayatı @;@Нуробод тумани@;@Нурабадский район@;@Nurobod rayonı @;@@;@@;@@;@
66@;@1 718@;@"0"@;@Samarqand viloyati@;@1 718 203@;@"14:08:00"@;@Oqdaryo tumani@;@379,664581@;@Самарқанд вилояти@;@Самаркандская область@;@Samarqand wálayatı @;@Оқдарё тумани@;@Oqdaryo tumani@;@Oqdaryo rayonı @;@@;@@;@@;@
37@;@1 724@;@"0"@;@Sirdaryo viloyati@;@1 724 228@;@"12:03:00"@;@Mirzaobod tumani@;@672,438354@;@Сирдарё вилояти@;@Сырдарьинская область@;@Sirdaryo wálayatı @;@Мирзаобод тумани@;@Мирзаабадский район@;@Xatkerobod rayonı @;@@;@@;@@;@
67@;@1 718@;@"0"@;@Samarqand viloyati@;@1 718 224@;@"14:09:00"@;@Payariq tumani@;@1 309,52222@;@Самарқанд вилояти@;@Самаркандская область@;@Samarqand wálayatı @;@Пайариқ тумани@;@Паярикский район@;@Payariq rayonı @;@@;@@;@@;@
68@;@1 718@;@"0"@;@Samarqand viloyati@;@1 718 227@;@"14:10:00"@;@Pastdarg'om tumani@;@873,36261@;@Самарқанд вилояти@;@Самаркандская область@;@Samarqand wálayatı @;@Пастдарғом тумани@;@Пастдаргомский район@;@Tómenderg'om rayonı @;@@;@@;@@;@
69@;@1 718@;@"0"@;@Samarqand viloyati@;@1 718 230@;@"14:11:00"@;@Paxtachi tumani@;@1 374,66052@;@Самарқанд вилояти@;@Самаркандская область@;@Samarqand wálayatı @;@Пахтачи тумани@;@Пахтачинский район@;@Paxtashı rayonı @;@@;@@;@@;@
175@;@1 733@;@"0"@;@Xorazm viloyati@;@1 733 204@;@"22:01:00"@;@Bog'ot tumani@;@444,701904@;@Xorazm viloyati@;@Хорезмская область@;@Xorezm wálayatı @;@Боғот тумани@;@Боготольский район@;@Bog'ot rayonı @;@@;@@;@@;@
176@;@1 733@;@"0"@;@Xorazm viloyati@;@1 733 208@;@"22:02:00"@;@Gurlan tumani@;@441,602112@;@Xorazm viloyati@;@Хорезмская область@;@Xorezm wálayatı @;@Гурлан тумани@;@Гурланский район@;@Gurlan rayonı @;@@;@@;@@;@
177@;@1 733@;@"0"@;@Xorazm viloyati@;@1 733 217@;@"22:03:00"@;@Urganch tumani@;@437,851929@;@Xorazm viloyati@;@Хорезмская область@;@Xorezm wálayatı @;@Урганч тумани@;@Ургенчский район@;@Urǵanch rayonı @;@@;@@;@@;@
38@;@1 724@;@"0"@;@Sirdaryo viloyati@;@1 724 206@;@"12:04:00"@;@Oqoltin tumani@;@496,77771@;@Сирдарё вилояти@;@Сырдарьинская область@;@Sirdaryo wálayatı @;@Оқолтин тумани@;@Ак-алтынский район@;@Oqoltin rayonı @;@@;@@;@@;@
39@;@1 724@;@"0"@;@Sirdaryo viloyati@;@1 724 226@;@"12:05:00"@;@Sardoba tumani@;@567,724731@;@Сирдарё вилояти@;@Сырдарьинская область@;@Sirdaryo wálayatı @;@Сардоба тумани@;@Сардобинский район@;@Suw saqlaǵısh rayonı @;@@;@@;@@;@
46@;@1 708@;@"0"@;@Jizzax viloyati@;@1 708 201@;@"13:01:00"@;@Arnasoy tumani@;@492,718384@;@Жиззах вилояти@;@Джизакская область@;@Jizzaq wálayatı @;@Арнасой тумани@;@Арнасойский район@;@Arnasoy rayonı @;@@;@@;@@;@
47@;@1 708@;@"0"@;@Jizzax viloyati@;@1 708 204@;@"13:02:00"@;@Baxmal tumani@;@1 859,57544@;@Жиззах вилояти@;@Джизакская область@;@Jizzaq wálayatı @;@Бахмал тумани@;@Бахмальский район@;@Baxmal rayonı @;@@;@@;@@;@
48@;@1 708@;@"0"@;@Jizzax viloyati@;@1 708 209@;@"13:03:00"@;@G'allaorol tumani@;@1 963,17859@;@Жиззах вилояти@;@Джизакская область@;@Jizzaq wálayatı @;@Ғаллаорол тумани@;@Район Галлаорол@;@Gallaorol rayonı @;@@;@@;@@;@
49@;@1 708@;@"0"@;@Jizzax viloyati@;@1 708 212@;@"13:04:00"@;@Sharof Rashidov tumani@;@1 307,03491@;@Жиззах вилояти@;@Джизакская область@;@Jizzaq wálayatı @;@Шароф Рашидов тумани@;@Шараф-Рашидовский район@;@Sharof Rashidov rayonı @;@@;@@;@@;@
50@;@1 708@;@"0"@;@Jizzax viloyati@;@1 708 215@;@"13:05:00"@;@Do'stlik tumani@;@451,042236@;@Жиззах вилояти@;@Джизакская область@;@Jizzaq wálayatı @;@Дўстлик тумани@;@Район Дустлик@;@Doslıq rayonı @;@@;@@;@@;@
13@;@1 727@;@"0"@;@Toshkent viloyati@;@1 727 220@;@"11:01:00"@;@Bekobod tumani@;@749,913513@;@Тошкент вилояти@;@Ташкентская область@;@Tashkent wálayatı @;@Бекобод тумани@;@Бекабадский район@;@Bekobod rayonı @;@@;@@;@@;@
14@;@1 727@;@"0"@;@Toshkent viloyati@;@1 727 228@;@"11:02:00"@;@Bo'ka tumani@;@591,293823@;@Тошкент вилояти@;@Ташкентская область@;@Tashkent wálayatı @;@Бўка тумани@;@Букинский район@;@Bo'ka rayonı @;@@;@@;@@;@
15@;@1 727@;@"0"@;@Toshkent viloyati@;@1 727 224@;@"11:03:00"@;@Bo'stonliq tumani@;@4 922,76172@;@Тошкент вилояти@;@Ташкентская область@;@Tashkent wálayatı @;@Бўстонлиқ тумани@;@Бостанлыкский район@;@Bostanlıq rayonı @;@@;@@;@@;@
16@;@1 727@;@"0"@;@Toshkent viloyati@;@1 727 237@;@"11:04:00"@;@Zangiota tumani@;@193,53273@;@Тошкент вилояти@;@Ташкентская область@;@Tashkent wálayatı @;@Зангиота тумани@;@Зангиотский район@;@Záńgiota rayonı @;@@;@@;@@;@
17@;@1 727@;@"0"@;@Toshkent viloyati@;@1 727 248@;@"11:05:00"@;@Qibray tumani@;@470,997101@;@Тошкент вилояти@;@Ташкентская область@;@Tashkent wálayatı @;@Қибрай тумани@;@Кибрайский район@;@Qibray rayonı @;@@;@@;@@;@
18@;@1 727@;@"0"@;@Toshkent viloyati@;@1 727 233@;@"11:06:00"@;@Quyichirchiq tumani@;@568,986511@;@Тошкент вилояти@;@Ташкентская область@;@Tashkent wálayatı @;@Қуйичирчиқ тумани@;@Куйчирчикский район@;@Quyichirchiq rayonı @;@@;@@;@@;@
19@;@1 727@;@"0"@;@Toshkent viloyati@;@1 727 206@;@"11:07:00"@;@Oqqo'rg'on tumani@;@408,300842@;@Тошкент вилояти@;@Ташкентская область@;@Tashkent wálayatı @;@Оққўрғон тумани@;@Аккурганский район@;@Oqqo'rg'on rayonı @;@@;@@;@@;@
156@;@1 706@;@"0"@;@Buxoro viloyati@;@1 706 240@;@"20:06:00"@;@Peshko' tumani@;@8 667,24414@;@Бухоро вилояти@;@Бухарская область@;@Buxara wálayatı @;@Пешкў тумани@;@район Пешко@;@Peshko rayonı @;@@;@@;@@;@
157@;@1 706@;@"0"@;@Buxoro viloyati@;@1 706 242@;@"20:07:00"@;@Romitan tumani@;@4 071,99512@;@Бухоро вилояти@;@Бухарская область@;@Buxara wálayatı @;@Ромитан тумани@;@Ромитанский район@;@Romitan rayonı @;@@;@@;@@;@
28@;@1 727@;@"0"@;@Toshkent viloyati@;@1 727 407@;@"11:16:00"@;@Angren@;@164,416855@;@Тошкент вилояти@;@Ташкентская область@;@Tashkent wálayatı @;@Ангрен@;@Ангрен@;@Angren@;@@;@@;@@;@
31@;@1 727@;@"0"@;@Toshkent viloyati@;@1 727 415@;@"11:19:00"@;@Ohangaron@;@18,1066132@;@Тошкент вилояти@;@Ташкентская область@;@Tashkent wálayatı @;@Охангарон@;@Ахангаран@;@Ahangaran @;@@;@@;@@;@
32@;@1 727@;@"0"@;@Toshkent viloyati@;@1 727 419@;@"11:20:00"@;@Chirchiq@;@43,9331131@;@Тошкент вилояти@;@Ташкентская область@;@Tashkent wálayatı @;@Чирчиқ@;@Чирчик@;@Chirchiq@;@@;@@;@@;@
33@;@1 727@;@"0"@;@Toshkent viloyati@;@1 727 401@;@"11:21:00"@;@Nurafshon@;@35,0529938@;@Тошкент вилояти@;@Ташкентская область@;@@;@Нурафшон@;@Нурафшан@;@Nurafshan @;@@;@@;@@;@
58@;@1 708@;@"0"@;@Jizzax viloyati@;@1 708 401@;@"13:13:00"@;@Jizzax@;@104,927551@;@Жиззах вилояти@;@Джизакская область@;@Jizzaq wálayatı @;@Жиззах@;@Джизак@;@Jizzaq @;@@;@@;@@;@
29@;@1 727@;@"0"@;@Toshkent viloyati@;@1 727 413@;@"11:17:00"@;@Bekobod@;@34,8777657@;@Тошкент вилояти@;@Ташкентская область@;@Tashkent wálayatı @;@Бекобод@;@Бекабад@;@Bekobod@;@@;@@;@@;@
136@;@1 722@;@"0"@;@Surxondaryo viloyati@;@1 722 202@;@"19:01:00"@;@Angor tumani@;@383,076324@;@Сурхондарё вилояти@;@Сурхандарьинская область@;@Surxondaryo wálayatı @;@Ангор тумани@;@Ангорский район@;@Sıyaq rayonı @;@@;@@;@@;@
137@;@1 722@;@"0"@;@Surxondaryo viloyati@;@1 722 203@;@"19:02:00"@;@Bandixon tumani@;@646,831482@;@Сурхондарё вилояти@;@Сурхандарьинская область@;@Surxondaryo wálayatı @;@Бандихон тумани@;@Бандихонский район@;@Bandixon rayonı @;@@;@@;@@;@
51@;@1 708@;@"0"@;@Jizzax viloyati@;@1 708 220@;@"13:06:00"@;@Zarbdor tumani@;@759,67334@;@Жиззах вилояти@;@Джизакская область@;@Jizzaq wálayatı @;@Зарбдор тумани@;@Район Зарбдор@;@Rayondıń doslıǵı @;@@;@@;@@;@
178@;@1 733@;@"0"@;@Xorazm viloyati@;@1 733 223@;@"22:04:00"@;@Xonqa tumani@;@427,276855@;@Xorazm viloyati@;@Хорезмская область@;@Xorezm wálayatı @;@Хонқа тумани@;@Ханкайский район@;@Xonqa rayonı @;@@;@@;@@;@
179@;@1 733@;@"0"@;@Xorazm viloyati@;@1 733 226@;@"22:05:00"@;@Xiva tumani@;@431,198486@;@Xorazm viloyati@;@Хорезмская область@;@Xorezm wálayatı @;@Хива тумани@;@Хивинский район@;@Xiva rayonı @;@@;@@;@@;@
180@;@1 733@;@"0"@;@Xorazm viloyati@;@1 733 230@;@"22:06:00"@;@Shovot tumani@;@455,478973@;@Xorazm viloyati@;@Хорезмская область@;@Xorezm wálayatı @;@Шовот тумани@;@Шовотский район@;@Shovot rayonı @;@@;@@;@@;@
181@;@1 733@;@"0"@;@Xorazm viloyati@;@1 733 233@;@"22:07:00"@;@Yangiariq tumani@;@403,41629@;@Xorazm viloyati@;@Хорезмская область@;@Xorezm wálayatı @;@Янгиариқ тумани@;@Янгиарыкский район@;@Jańaariq rayonı @;@@;@@;@@;@
182@;@1 733@;@"0"@;@Xorazm viloyati@;@1 733 236@;@"22:08:00"@;@Yangibozor tumani@;@344,953583@;@Xorazm viloyati@;@Хорезмская область@;@Xorezm wálayatı @;@Янгибозор тумани@;@Янгибазинский район@;@Jańabozor rayonı @;@@;@@;@@;@
183@;@1 733@;@"0"@;@Xorazm viloyati@;@1 733 212@;@"22:09:00"@;@Qo'shko'pir tumani@;@541,887695@;@Xorazm viloyati@;@Хорезмская область@;@Xorezm wálayatı @;@Қўшкўпир тумани@;@Кошкупирский район@;@Qosko'pir rayonı @;@@;@@;@@;@
184@;@1 733@;@"0"@;@Xorazm viloyati@;@1 733 220@;@"22:10:00"@;@Xazorasp tumani@;@418,178894@;@Xorazm viloyati@;@Хорезмская область@;@Xorezm wálayatı @;@Хазорасп тумани@;@Хазараспский район@;@Xazorasp rayonı @;@@;@@;@@;@
185@;@1 733@;@"0"@;@Xorazm viloyati@;@1 733 401@;@"22:11:00"@;@Urganch@;@36,0396423@;@Xorazm viloyati@;@Хорезмская область@;@Xorezm wálayatı @;@Урганч@;@Ургенч@;@Urǵanch@;@@;@@;@@;@
106@;@1 703@;@"0"@;@Andijon viloyati@;@1 703 203@;@"17:01:00"@;@Andijon tumani@;@379,751099@;@Андижон вилояти@;@Андижанская область@;@Andijan wálayatı @;@Андижон тумани@;@Андижанский район@;@Andijan rayonı @;@@;@@;@@;@
107@;@1 703@;@"0"@;@Andijon viloyati@;@1 703 224@;@"17:02:00"@;@Asaka tumani@;@269,390961@;@Андижон вилояти@;@Андижанская область@;@Andijan wálayatı @;@Асака тумани@;@Асакинский район@;@Asaka rayonı @;@@;@@;@@;@
108@;@1 703@;@"0"@;@Andijon viloyati@;@1 703 206@;@"17:03:00"@;@Baliqchi tumani@;@324,729523@;@Андижон вилояти@;@Андижанская область@;@Andijan wálayatı @;@Балиқчи тумани@;@Балыкчинский район@;@Balıqchi rayonı @;@@;@@;@@;@
109@;@1 703@;@"0"@;@Andijon viloyati@;@1 703 210@;@"17:04:00"@;@Buloqboshi tumani@;@181,122421@;@Андижон вилояти@;@Андижанская область@;@Andijan wálayatı @;@Булоқбоши тумани@;@район Булакбаши@;@Bulaqboshi rayonı @;@@;@@;@@;@
110@;@1 703@;@"0"@;@Andijon viloyati@;@1 703 209@;@"17:05:00"@;@Bo'ston tumani@;@201,104111@;@Андижон вилояти@;@Андижанская область@;@Andijan wálayatı @;@Бўстон тумани@;@Бостонский район@;@Bostan rayonı @;@@;@@;@@;@
111@;@1 703@;@"0"@;@Andijon viloyati@;@1 703 211@;@"17:06:00"@;@Jalaquduq tumani@;@370,657532@;@Андижон вилояти@;@Андижанская область@;@Andijan wálayatı @;@Жалақудуқ тумани@;@Джалакудукский район@;@Jalaquduq rayonı @;@@;@@;@@;@
112@;@1 703@;@"0"@;@Andijon viloyati@;@1 703 214@;@"17:07:00"@;@Izboskan tumani@;@275,260559@;@Андижон вилояти@;@Андижанская область@;@Andijan wálayatı @;@Избоскан тумани@;@Избосканский район@;@Izboskan rayonı @;@@;@@;@@;@
113@;@1 703@;@"0"@;@Andijon viloyati@;@1 703 227@;@"17:08:00"@;@Marxamat tumani@;@321,179047@;@Андижон вилояти@;@Андижанская область@;@Andijan wálayatı @;@Мархамат тумани@;@Мархаматский район@;@Marxamat rayonı @;@@;@@;@@;@
114@;@1 703@;@"0"@;@Andijon viloyati@;@1 703 202@;@"17:09:00"@;@Oltinko'l tumani@;@213,800156@;@Андижон вилояти@;@Андижанская область@;@Andijan wálayatı @;@Олтинкўл тумани@;@Алтынкульский район@;@Altınko'l rayonı @;@@;@@;@@;@
115@;@1 703@;@"0"@;@Andijon viloyati@;@1 703 232@;@"17:10:00"@;@Paxtaobod tumani@;@255,751282@;@Андижон вилояти@;@Андижанская область@;@Andijan wálayatı @;@Пахтаобод тумани@;@Пахтаабадский район@;@Paxtaobod rayonı @;@@;@@;@@;@
116@;@1 703@;@"0"@;@Andijon viloyati@;@1 703 217@;@"17:11:00"@;@Ulug'nor tumani@;@418,301117@;@Андижон вилояти@;@Андижанская область@;@Andijan wálayatı @;@Улуғнор тумани@;@Улугнорский район@;@Ulugnorskiy rayon @;@@;@@;@@;@
87@;@1 730@;@"0"@;@Fargona viloyati@;@1 730 233@;@"15:13:00"@;@Farg'ona tumani@;@611,608337@;@Фаргона вилояти@;@Ферганская область@;@Fargona wálayatı @;@Фарғона тумани@;@Ферганский район@;@Taslaq rayonları @;@Фарғона т.@;@Farg'ona t.@;@@;@
85@;@1 730@;@"0"@;@Fargona viloyati@;@1 730 227@;@"15:11:00"@;@Toshloq tumani@;@243,006149@;@Фаргона вилояти@;@Ферганская область@;@Fargona wálayatı @;@Тошлоқ тумани@;@район Тошлок@;@Taslaq rayonları @;@Тошлоқ т.@;@Toshloq t.@;@@;@
117@;@1 703@;@"0"@;@Andijon viloyati@;@1 703 236@;@"17:12:00"@;@Xo'jaobod tumani@;@220,93158@;@Андижон вилояти@;@Андижанская область@;@Andijan wálayatı @;@Хўжаобод тумани@;@Ходжаабадский район@;@Xodjaabadskiy rayon @;@@;@@;@@;@
151@;@1 706@;@"0"@;@Buxoro viloyati@;@1 706 207@;@"20:01:00"@;@Buxoro tumani@;@1 319,7384@;@Бухоро вилояти@;@Бухарская область@;@Buxara wálayatı @;@Бухоро тумани@;@Бухарский район@;@Buxara rayonı @;@@;@@;@@;@
118@;@1 703@;@"0"@;@Andijon viloyati@;@1 703 230@;@"17:13:00"@;@Shaxrixon tumani@;@288,991577@;@Андижон вилояти@;@Андижанская область@;@Andijan wálayatı @;@Шахрихон тумани@;@Шахриханский район@;@Shaxrixon rayonı @;@@;@@;@@;@
119@;@1 703@;@"0"@;@Andijon viloyati@;@1 703 220@;@"17:14:00"@;@Qo'rg'ontepa tumani@;@434,367096@;@Андижон вилояти@;@Андижанская область@;@Andijan wálayatı @;@Қўрғонтепа тумани@;@Кургонтепинский район@;@Kurgontepinskiy rayon @;@@;@@;@@;@
120@;@1 703@;@"0"@;@Andijon viloyati@;@1 703 401@;@"17:15:00"@;@Andijon@;@64,7671051@;@Андижон вилояти@;@Андижанская область@;@Andijan wálayatı @;@Андижон@;@Андижан@;@Andijan@;@@;@@;@@;@
121@;@1 703@;@"0"@;@Andijon viloyati@;@1 703 408@;@"17:17:00"@;@Xonobod@;@39,5627785@;@Андижон вилояти@;@Андижанская область@;@Andijan wálayatı @;@Хонобод@;@Ханабад@;@Xonobod@;@@;@@;@@;@
153@;@1 706@;@"0"@;@Buxoro viloyati@;@1 706 246@;@"20:03:00"@;@Jondor tumani@;@5 064,64697@;@Бухоро вилояти@;@Бухарская область@;@Buxara wálayatı @;@Жондор тумани@;@Джондорский район@;@Jondor rayonı @;@@;@@;@@;@
154@;@1 706@;@"0"@;@Buxoro viloyati@;@1 706 219@;@"20:04:00"@;@Kogon tumani@;@500,890961@;@Бухоро вилояти@;@Бухарская область@;@Buxara wálayatı @;@Когон тумани@;@Когонский район@;@Qo'g'on rayonı @;@@;@@;@@;@
155@;@1 706@;@"0"@;@Buxoro viloyati@;@1 706 204@;@"20:05:00"@;@Olot tumani@;@3 240,07422@;@Бухоро вилояти@;@Бухарская область@;@Buxara wálayatı @;@Олот тумани@;@Олотский район@;@Olot rayonı @;@@;@@;@@;@
158@;@1 706@;@"0"@;@Buxoro viloyati@;@1 706 258@;@"20:08:00"@;@Shofirkon tumani@;@3 741,88452@;@Бухоро вилояти@;@Бухарская область@;@Buxara wálayatı @;@Шофиркон тумани@;@Шофирконский район@;@Shofirkon rayonı @;@@;@@;@@;@
159@;@1 706@;@"0"@;@Buxoro viloyati@;@1 706 232@;@"20:09:00"@;@Qorovulbozor tumani@;@2 188,57812@;@Бухоро вилояти@;@Бухарская область@;@Buxara wálayatı @;@Қоровулбозор тумани@;@Коровульбазарский район@;@Qarawılbozor rayonı @;@@;@@;@@;@
160@;@1 706@;@"0"@;@Buxoro viloyati@;@1 706 230@;@"20:10:00"@;@Qorako'l tumani@;@7 081,31299@;@Бухоро вилояти@;@Бухарская область@;@Buxara wálayatı @;@Қоракўл тумани@;@Каракульский район@;@Qorako ' l rayonı @;@@;@@;@@;@
161@;@1 706@;@"0"@;@Buxoro viloyati@;@1 706 215@;@"20:11:00"@;@G'ijduvon tumani@;@3 801,73511@;@Бухоро вилояти@;@Бухарская область@;@Buxara wálayatı @;@Ғиждувон тумани@;@Район Гиждувон@;@G ' ijduvon rayonı @;@@;@@;@@;@
162@;@1 706@;@"0"@;@Buxoro viloyati@;@1 706 401@;@"20:12:00"@;@Buxoro@;@80,1895447@;@Бухоро вилояти@;@Бухарская область@;@Buxara wálayatı @;@Бухоро@;@Бухара@;@Buxara qalası @;@@;@@;@@;@
163@;@1 706@;@"0"@;@Buxoro viloyati@;@1 706 403@;@"20:14:00"@;@Kogon@;@15,9114161@;@Бухоро вилояти@;@Бухарская область@;@Buxara wálayatı @;@Когон@;@Каган@;@Kagan@;@@;@@;@@;@
142@;@1 722@;@"0"@;@Surxondaryo viloyati@;@1 722 214@;@"19:07:00"@;@Qumqo'rg'on tumani@;@2 308,11011@;@Сурхондарё вилояти@;@Сурхандарьинская область@;@Surxondaryo wálayatı @;@Қумқўрғон тумани@;@Кумкурганский район@;@Qumqo'rg'on rayonı @;@@;@@;@@;@
143@;@1 722@;@"0"@;@Surxondaryo viloyati@;@1 722 207@;@"19:08:00"@;@Muzrabot tumani@;@746,604858@;@Сурхондарё вилояти@;@Сурхандарьинская область@;@Surxondaryo wálayatı @;@Музработ тумани@;@Музрабатский район@;@Muzrabot rayonı @;@@;@@;@@;@
174@;@1 712@;@"0"@;@Navoiy viloyati@;@1 712 412@;@"21:12:00"@;@G'ozg'on@;@595,933228@;@Навоий вилояти@;@Навоийская область@;@Navaiy wálayatı @;@Ғозғон@;@Газган@;@G'ozg'on@;@@;@@;@@;@
144@;@1 722@;@"0"@;@Surxondaryo viloyati@;@1 722 201@;@"19:09:00"@;@Oltinsoy tumani@;@584,986084@;@Сурхондарё вилояти@;@Сурхандарьинская область@;@Surxondaryo wálayatı @;@Олтинсой тумани@;@Алтынсайский район@;@Altınsoy rayonı @;@@;@@;@@;@
145@;@1 722@;@"0"@;@Surxondaryo viloyati@;@1 722 217@;@"19:10:00"@;@Sariosiyo tumani@;@3 679,32007@;@Сурхондарё вилояти@;@Сурхандарьинская область@;@Surxondaryo wálayatı @;@Сариосиё тумани@;@Сариасийский район@;@Sariosiyo rayonı @;@@;@@;@@;@
146@;@1 722@;@"0"@;@Surxondaryo viloyati@;@1 722 220@;@"19:11:00"@;@Termiz tumani@;@854,761658@;@Сурхондарё вилояти@;@Сурхандарьинская область@;@Surxondaryo wálayatı @;@Термиз тумани@;@Термезский район@;@Termiz rayonı @;@@;@@;@@;@
150@;@1 722@;@"0"@;@Surxondaryo viloyati@;@1 722 401@;@"19:15:00"@;@Termiz@;@45,5102425@;@Сурхондарё вилояти@;@Сурхандарьинская область@;@Surxondaryo wálayatı @;@Термиз@;@Термиз@;@Termiz@;@@;@@;@@;@
22@;@1 727@;@"0"@;@Toshkent viloyati@;@1 727 250@;@"11:10:00"@;@Pskent tumani@;@754,832581@;@Тошкент вилояти@;@Ташкентская область@;@Tashkent wálayatı @;@Пскент тумани@;@Пскентский район@;@Pskent rayonı @;@@;@@;@@;@
24@;@1 727@;@"0"@;@Toshkent viloyati@;@1 727 253@;@"11:12:00"@;@O'rtachirchiq tumani@;@427,833801@;@Тошкент вилояти@;@Ташкентская область@;@Tashkent wálayatı @;@Ўртачирчиқ тумани@;@Ортачирчикский район@;@Ortachirchiq rayonı @;@@;@@;@@;@
25@;@1 727@;@"0"@;@Toshkent viloyati@;@1 727 256@;@"11:13:00"@;@Chinoz tumani@;@337,509644@;@Тошкент вилояти@;@Ташкентская область@;@Tashkent wálayatı @;@Чиноз тумани@;@Чиназский район@;@Chinoz rayonı @;@@;@@;@@;@
23@;@1 727@;@"0"@;@Toshkent viloyati@;@1 727 265@;@"11:11:00"@;@Toshkent tumani@;@161,579178@;@Тошкент вилояти@;@Ташкентская область@;@Tashkent wálayatı @;@Тошкент тумани@;@Ташкентский район@;@Tashkent rayonı @;@@;@@;@@;@
26@;@1 727@;@"0"@;@Toshkent viloyati@;@1 727 239@;@"11:14:00"@;@Yuqorichirchiq tumani@;@446,857819@;@Тошкент вилояти@;@Ташкентская область@;@Tashkent wálayatı @;@Юқоричирчиқ тумани@;@Юкоричирчикский район@;@Joqarıchirchiq rayonı @;@@;@@;@@;@
27@;@1 727@;@"0"@;@Toshkent viloyati@;@1 727 259@;@"11:15:00"@;@Yangiyo'l tumani@;@406,672791@;@Тошкент вилояти@;@Ташкентская область@;@Tashkent wálayatı @;@Янгийўл тумани@;@Янгиюльский район@;@Jańayo'l rayonı @;@@;@@;@@;@
45@;@1 724@;@"0"@;@Sirdaryo viloyati@;@1 724 413@;@"12:11:00"@;@Yangiyer@;@29,5344238@;@Сирдарё вилояти@;@Сырдарьинская область@;@Sirdaryo wálayatı @;@Янгиер@;@Янгиер@;@Jańayer@;@@;@@;@@;@
20@;@1 727@;@"0"@;@Toshkent viloyati@;@1 727 212@;@"11:08:00"@;@Ohangaron tumani@;@3 099,40454@;@Тошкент вилояти@;@Ташкентская область@;@Tashkent wálayatı @;@Оҳангарон @;@Ахангаранский район@;@Ahangaran rayonı @;@@;@@;@@;@
21@;@1 727@;@"0"@;@Toshkent viloyati@;@1 727 249@;@"11:09:00"@;@Parkent tumani@;@1 110,05908@;@Тошкент вилояти@;@Ташкентская область@;@Tashkent wálayatı @;@Паркент тумани@;@Паркентский район@;@Parkent rayonı @;@@;@@;@@;@
30@;@1 727@;@"0"@;@Toshkent viloyati@;@1 727 404@;@"11:18:00"@;@Olmaliq@;@132,673248@;@Тошкент вилояти@;@Ташкентская область@;@Tashkent wálayatı @;@Олмалиқ@;@Алмалык@;@Almalıq @;@@;@@;@@;@
147@;@1 722@;@"0"@;@Surxondaryo viloyati@;@1 722 221@;@"19:12:00"@;@Uzun tumani@;@1 774,75037@;@Сурхондарё вилояти@;@Сурхандарьинская область@;@Surxondaryo wálayatı @;@Узун тумани@;@район Узун@;@Uzın rayonı @;@@;@@;@@;@
148@;@1 722@;@"0"@;@Surxondaryo viloyati@;@1 722 223@;@"19:13:00"@;@Sherobod tumani@;@2 625,18604@;@Сурхондарё вилояти@;@Сурхандарьинская область@;@Surxondaryo wálayatı @;@Шеробод тумани@;@Шерабадский район@;@Sherobod rayonı @;@@;@@;@@;@
149@;@1 722@;@"0"@;@Surxondaryo viloyati@;@1 722 226@;@"19:14:00"@;@Sho'rchi tumani@;@770,868713@;@Сурхондарё вилояти@;@Сурхандарьинская область@;@Surxondaryo wálayatı @;@Шўрчи тумани@;@Шурчинский район@;@Kebirshi rayonı @;@@;@@;@@;@
138@;@1 722@;@"0"@;@Surxondaryo viloyati@;@1 722 204@;@"19:03:00"@;@Boysun tumani@;@3 358,66797@;@Сурхондарё вилояти@;@Сурхандарьинская область@;@Surxondaryo wálayatı @;@Бойсун тумани@;@Бойсунский район@;@Boysun rayonı @;@@;@@;@@;@
139@;@1 722@;@"0"@;@Surxondaryo viloyati@;@1 722 210@;@"19:04:00"@;@Denov tumani@;@826,470825@;@Сурхондарё вилояти@;@Сурхандарьинская область@;@Surxondaryo wálayatı @;@Денов тумани@;@Деновский район@;@Denov rayonı @;@@;@@;@@;@
140@;@1 722@;@"0"@;@Surxondaryo viloyati@;@1 722 212@;@"19:05:00"@;@Jarqo'rg'on tumani@;@1 113,50696@;@Сурхондарё вилояти@;@Сурхандарьинская область@;@Surxondaryo wálayatı @;@Жарқўрғон тумани@;@Жаркурганский район@;@Jarqo'rg'on rayonı @;@@;@@;@@;@
141@;@1 722@;@"0"@;@Surxondaryo viloyati@;@1 722 215@;@"19:06:00"@;@Qiziriq tumani@;@396,658173@;@Сурхондарё вилояти@;@Сурхандарьинская область@;@Surxondaryo wálayatı @;@Қизириқ тумани@;@Кызылский район@;@Qıziriq rayonı @;@@;@@;@@;@
186@;@1 733@;@"0"@;@Xorazm viloyati@;@1 733 406@;@"22:12:00"@;@Xiva@;@34,1789474@;@Xorazm viloyati@;@Хорезмская область@;@Xorezm wálayatı @;@Хива@;@Хива@;@Xiva@;@@;@@;@@;@
220@;@1 727@;@"0"@;@Toshkent viloyati@;@1 727 424@;@"11:22:00"@;@Yangiyo'l@;@14,9290323@;@Тошкент вилояти@;@Ташкентская область@;@Tashkent wálayatı @;@Янгийўл@;@Янгиюль@;@Jańayo'l@;@@;@@;@@;@
1@;@1 726@;@"0"@;@Toshkent shahri@;@1 726 262@;@"10:01:00"@;@Uchtepa tumani@;@28,2305737@;@Тошкент шаҳри@;@Город Ташкент@;@Tashkent qalası @;@Учтепа тумани@;@Учтепинский район@;@Uchtepa rayonı @;@@;@@;@@;@
2@;@1 726@;@"0"@;@Toshkent shahri@;@1 726 264@;@"10:02:00"@;@Bektemir tumani@;@33,1650963@;@Тошкент шаҳри@;@Город Ташкент@;@Tashkent qalası @;@Бектемир тумани@;@Бектемирский район@;@Bektemir rayonı @;@@;@@;@@;@
3@;@1 726@;@"0"@;@Toshkent shahri@;@1 726 294@;@"10:03:00"@;@Chilonzor tumani@;@30,5326805@;@Тошкент шаҳри@;@Город Ташкент@;@Tashkent qalası @;@Чилонзор тумани@;@Чиланзарский район@;@Chilonzor rayonı @;@@;@@;@@;@
4@;@1 726@;@"0"@;@Toshkent shahri@;@1 726 290@;@"10:04:00"@;@Yashnobod tumani@;@58,3240471@;@Тошкент шаҳри@;@Город Ташкент@;@Tashkent qalası @;@Яшнобод тумани@;@Яшнабадский район@;@Yashnobod rayonı @;@@;@@;@@;@
11@;@1 726@;@"0"@;@Toshkent shahri@;@1 726 273@;@"10:11:00"@;@Mirobod tumani@;@16,7278099@;@Тошкент шаҳри@;@Город Ташкент@;@Tashkent qalası @;@Миробод тумани@;@Мирабадский район@;@Yashnobod rayonı @;@@;@@;@@;@
12@;@1 726@;@"0"@;@Toshkent shahri@;@1 726 292@;@"10:12:00"@;@Yangihayot tumani@;@44,0786705@;@Тошкент шаҳри@;@Город Ташкент@;@Tashkent qalası @;@Янгиҳаёт тумани@;@Янгиятский район@;@Jańahayot rayonı @;@@;@@;@@;@
9@;@1 726@;@"0"@;@Toshkent shahri@;@1 726 269@;@"10:09:00"@;@Mirzo Ulug'bek tumani@;@59,0995445@;@Тошкент шаҳри@;@Город Ташкент@;@Tashkent qalası @;@Мирзо Улуғбек тумани@;@Мирзо Улугбекский район@;@Mırza Ullıbek rayonı @;@@;@@;@@;@
10@;@1 726@;@"0"@;@Toshkent shahri@;@1 726 277@;@"10:10:00"@;@Shayxontoxur tumani@;@27,0978947@;@Тошкент шаҳри@;@Город Ташкент@;@Tashkent qalası @;@Шайхонтохур тумани@;@Шайхантахурский район@;@Shayıqontoxur rayonı @;@@;@@;@@;@
6@;@1 726@;@"0"@;@Toshkent shahri@;@1 726 283@;@"10:06:00"@;@Sirg'ali tumani@;@52,2261047@;@Тошкент шаҳри@;@Город Ташкент@;@Tashkent qalası @;@Сирғали тумани@;@Сергелийский район@;@Sırǵalı rayonı @;@@;@@;@@;@
7@;@1 726@;@"0"@;@Toshkent shahri@;@1 726 266@;@"10:07:00"@;@Yunusobod tumani@;@40,8885231@;@Тошкент шаҳри@;@Город Ташкент@;@Tashkent qalası @;@Юнусобод тумани@;@Юнусабадский район@;@Yunusobod rayonı @;@@;@@;@@;@
187@;@1 733@;@"0"@;@Xorazm viloyati@;@1 733 221@;@"22:13:00"@;@Tuproqqal'a tumani@;@1 932,16858@;@Xorazm viloyati@;@Хорезмская область@;@Xorezm wálayatı @;@Тупроққалъа тумани@;@район Тупроккала@;@Topıraqqal'a rayonı @;@@;@@;@@;@
104@;@1 714@;@"0"@;@Namangan viloyati@;@1 714 242@;@"16:11:00"@;@Yangiqo'rg'on tumani@;@479,785706@;@Наманган вилояти@;@Наманганская область@;@Namangan wálayatı @;@Янгиқўрғон тумани@;@Янгикурганский район@;@Jańaqo'rg'on rayonı @;@@;@@;@@;@
105@;@1 714@;@"0"@;@Namangan viloyati@;@1 714 401@;@"16:12:00"@;@Namangan@;@178,984192@;@Наманган вилояти@;@Наманганская область@;@Namangan wálayatı @;@Наманган@;@Наманган@;@Namangan@;@@;@@;@@;@
122@;@1 710@;@"0"@;@Qashqadaryo viloyati@;@1 710 233@;@"18:01:00"@;@Mirishkor tumani@;@3 102,8999@;@Қашқадарё вилояти@;@Кашкадарьинская область@;@Qashqadárya wálayatı @;@Миришкор тумани@;@Миришкорский район@;@Mirishkor rayonı @;@@;@@;@@;@
123@;@1 710@;@"0"@;@Qashqadaryo viloyati@;@1 710 212@;@"18:02:00"@;@Dehqonobod tumani@;@3 969,31372@;@Қашқадарё вилояти@;@Кашкадарьинская область@;@Qashqadárya wálayatı @;@Деҳқонобод тумани@;@Дехканабадский район@;@Dıyxanobod rayonı @;@@;@@;@@;@
124@;@1 710@;@"0"@;@Qashqadaryo viloyati@;@1 710 237@;@"18:03:00"@;@Kasbi tumani@;@739,295166@;@Қашқадарё вилояти@;@Кашкадарьинская область@;@Qashqadárya wálayatı @;@Касби тумани@;@Район Касби@;@Kásipi rayonı @;@@;@@;@@;@
125@;@1 710@;@"0"@;@Qashqadaryo viloyati@;@1 710 232@;@"18:04:00"@;@Kitob tumani@;@1 737,41687@;@Қашқадарё вилояти@;@Кашкадарьинская область@;@Qashqadárya wálayatı @;@Китоб тумани@;@район Китаб@;@Kitap rayonı @;@@;@@;@@;@
126@;@1 710@;@"0"@;@Qashqadaryo viloyati@;@1 710 229@;@"18:05:00"@;@Koson tumani@;@1 849,36902@;@Қашқадарё вилояти@;@Кашкадарьинская область@;@Qashqadárya wálayatı @;@Косон тумани@;@Касанский район@;@Koson rayonı @;@@;@@;@@;@
127@;@1 710@;@"0"@;@Qashqadaryo viloyati@;@1 710 234@;@"18:06:00"@;@Muborak tumani@;@3 079,17456@;@Қашқадарё вилояти@;@Кашкадарьинская область@;@Qashqadárya wálayatı Qashqadárya wálayatı @;@Муборак тумани@;@Мубаракский район@;@Muborak rayonı @;@@;@@;@@;@
128@;@1 710@;@"0"@;@Qashqadaryo viloyati@;@1 710 235@;@"18:07:00"@;@Nishon tumani@;@2 113,03101@;@Қашқадарё вилояти@;@Кашкадарьинская область@;@Qashqadárya wálayatı @;@Нишон тумани@;@район Нишан@;@Nıshan rayonı @;@@;@@;@@;@
70@;@1 718@;@"0"@;@Samarqand viloyati@;@1 718 233@;@"14:12:00"@;@Samarqand tumani@;@468,808533@;@Самарқанд вилояти@;@Самаркандская область@;@Samarqand wálayatı @;@Самарқанд тумани@;@Самаркандский район@;@Samarqand rayonı @;@@;@@;@@;@
71@;@1 718@;@"0"@;@Samarqand viloyati@;@1 718 238@;@"14:13:00"@;@Tayloq tumani@;@239,458649@;@Самарқанд вилояти@;@Самаркандская область@;@Samarqand wálayatı @;@Тайлоқ тумани@;@Тайлакский район@;@Tayloq rayonı @;@@;@@;@@;@
72@;@1 718@;@"0"@;@Samarqand viloyati@;@1 718 236@;@"14:14:00"@;@Urgut tumani@;@1 149,45129@;@Самарқанд вилояти@;@Самаркандская область@;@Samarqand wálayatı @;@Ургут тумани@;@Ургутский район@;@Urgut rayonı @;@@;@@;@@;@
77@;@1 730@;@"0"@;@Fargona viloyati@;@1 730 212@;@"15:03:00"@;@Buvayda tumani@;@283,630676@;@Фаргона вилояти@;@Ферганская область@;@Fargona wálayatı @;@Бувайда тумани@;@Район Бувайда@;@Buvayda rayonı @;@Бувайда т.@;@Buvayda t.@;@@;@
78@;@1 730@;@"0"@;@Fargona viloyati@;@1 730 236@;@"15:04:00"@;@Dang'ara tumani@;@438,339874@;@Фаргона вилояти@;@Ферганская область@;@Fargona wálayatı @;@Данғара тумани@;@Дангаринский район@;@Dang ' ara rayonı @;@Данғара т.@;@Dang'ara t.@;@@;@
82@;@1 730@;@"0"@;@Fargona viloyati@;@1 730 206@;@"15:08:00"@;@Qo'shtepa tumani@;@369,401917@;@Фаргона вилояти@;@Ферганская область@;@Fargona wálayatı @;@Қўштепа тумани@;@Куштепинский район@;@Qo ' shtepa rayonı @;@Қўштепа т.@;@Qo'shtepa t.@;@@;@
5@;@1 726@;@"0"@;@Toshkent shahri@;@1 726 287@;@"10:05:00"@;@Yakkasaroy tumani@;@14,0656996@;@Тошкент шаҳри@;@Город Ташкент@;@Tashkent qalası @;@Яккасарой тумани@;@Якасарайский район@;@Jalǵızsaroy rayonı @;@@;@@;@@;@
8@;@1 726@;@"0"@;@Toshkent shahri@;@1 726 280@;@"10:08:00"@;@Olmazor tumani@;@33,7813034@;@Тошкент шаҳри@;@Город Ташкент@;@Tashkent qalası @;@Олмазор тумани@;@Алмазарский район@;@Almazor rayonı @;@@;@@;@@;@
52@;@1 708@;@"0"@;@Jizzax viloyati@;@1 708 225@;@"13:07:00"@;@Zafarobod tumani@;@536,129639@;@Жиззах вилояти@;@Джизакская область@;@Jizzaq wálayatı @;@Зафаробод тумани@;@Зафарабадский район@;@Jeńisobod rayonı @;@@;@@;@@;@
53@;@1 708@;@"0"@;@Jizzax viloyati@;@1 708 218@;@"13:08:00"@;@Zomin tumani@;@2 611,51904@;@Жиззах вилояти@;@Джизакская область@;@Jizzaq wálayatı @;@Зомин тумани@;@Зоминский район@;@Zomin rayonı @;@@;@@;@@;@
54@;@1 708@;@"0"@;@Jizzax viloyati@;@1 708 223@;@"13:09:00"@;@Mirzacho'l tumani@;@501,38855@;@Жиззах вилояти@;@Джизакская область@;@Jizzaq wálayatı @;@Мирзачўл тумани@;@Мирзачульский район@;@Xatkercho'l rayonı @;@@;@@;@@;@
55@;@1 708@;@"0"@;@Jizzax viloyati@;@1 708 228@;@"13:10:00"@;@Paxtakor tumani@;@376,464478@;@Жиззах вилояти@;@Джизакская область@;@Jizzaq wálayatı @;@Пахтакор тумани@;@Пахтакорский район@;@Paxtakesh rayonı @;@@;@@;@@;@
56@;@1 708@;@"0"@;@Jizzax viloyati@;@1 708 235@;@"13:11:00"@;@Forish tumani@;@9 309,9209@;@Жиззах вилояти@;@Джизакская область@;@Jizzaq wálayatı @;@Фориш тумани@;@Форишский район@;@Forish rayonı @;@@;@@;@@;@
94@;@1 714@;@"0"@;@Namangan viloyati@;@1 714 207@;@"16:01:00"@;@Kosonsoy tumani@;@490,373657@;@Наманган вилояти@;@Наманганская область@;@Namangan wálayatı @;@Косонсой тумани@;@Косонсойский район@;@Kosonsoy rayonı @;@@;@@;@@;@
95@;@1 714@;@"0"@;@Namangan viloyati@;@1 714 204@;@"16:02:00"@;@Mingbuloq tumani@;@597,049377@;@Наманган вилояти@;@Наманганская область@;@Namangan wálayatı @;@Мингбулоқ тумани@;@Район Мингбулок@;@Mingbuloq rayonı @;@@;@@;@@;@
96@;@1 714@;@"0"@;@Namangan viloyati@;@1 714 212@;@"16:03:00"@;@Namangan tumani@;@205,665604@;@Наманган вилояти@;@Наманганская область@;@Namangan wálayatı @;@Наманган тумани@;@Наманганский район@;@Namangan rayonı @;@@;@@;@@;@
97@;@1 714@;@"0"@;@Namangan viloyati@;@1 714 216@;@"16:04:00"@;@Norin tumani@;@211,168915@;@Наманган вилояти@;@Наманганская область@;@Namangan wálayatı @;@Норин тумани@;@Норинский район@;@Narın rayonı @;@@;@@;@@;@
100@;@1 714@;@"0"@;@Namangan viloyati@;@1 714 229@;@"16:07:00"@;@Uychi tumani@;@310,11084@;@Наманган вилояти@;@Наманганская область@;@Namangan wálayatı @;@Уйчи тумани@;@Уйчинский район@;@Uychi rayonı @;@@;@@;@@;@
98@;@1 714@;@"0"@;@Namangan viloyati@;@1 714 219@;@"16:05:00"@;@Pop tumani@;@3 028,62231@;@Наманган вилояти@;@Наманганская область@;@Namangan wálayatı @;@Поп тумани@;@Попский район@;@Pop rayonı @;@@;@@;@@;@
99@;@1 714@;@"0"@;@Namangan viloyati@;@1 714 224@;@"16:06:00"@;@To'raqo'rg'on tumani@;@302,549255@;@Наманган вилояти@;@Наманганская область@;@Namangan wálayatı @;@Тўрақўрғон тумани@;@Туракурганский район@;@Tóreqo'rg'on rayonı @;@@;@@;@@;@
165@;@1 712@;@"0"@;@Navoiy viloyati@;@1 712 230@;@"21:02:00"@;@Navbahor tumani@;@1 485,62134@;@Навоий вилояти@;@Навоийская область@;@Navaiy wálayatı @;@Навбаҳор тумани@;@Навбахорский район@;@Sortbahor rayonı @;@@;@@;@@;@
101@;@1 714@;@"0"@;@Namangan viloyati@;@1 714 234@;@"16:08:00"@;@Uchqo'rg'on tumani@;@300,414093@;@Наманган вилояти@;@Наманганская область@;@Namangan wálayatı @;@Учқўрғон тумани@;@Учкурганский район@;@Uchqo'rg'on rayonı @;@@;@@;@@;@
166@;@1 712@;@"0"@;@Navoiy viloyati@;@1 712 234@;@"21:03:00"@;@Karmana tumani@;@994,298035@;@Навоий вилояти@;@Навоийская область@;@Navaiy wálayatı @;@Кармана тумани@;@Район кармана@;@Karmana rayonı @;@@;@@;@@;@
135@;@1 710@;@"0"@;@Qashqadaryo viloyati@;@1 710 405@;@"18:16:00"@;@Shahrisabz@;@46,1872635@;@Қашқадарё вилояти@;@Кашкадарьинская область@;@Qashqadárya wálayatı @;@Шаҳрисабз@;@Шахрисабз@;@Qalasısabz@;@@;@@;@@;@
73@;@1 718@;@"0"@;@Samarqand viloyati@;@1 718 406@;@"14:15:00"@;@Kattaqo'rg'on@;@44,0618286@;@Самарқанд вилояти@;@Самаркандская область@;@Samarqand wálayatı @;@Каттақўрғон@;@Каттакурган@;@Úlkenqo'rg'on@;@@;@@;@@;@
74@;@1 718@;@"0"@;@Samarqand viloyati@;@1 718 401@;@"14:16:00"@;@Samarqand@;@112,486816@;@Самарқанд вилояти@;@Самаркандская область@;@Samarqand wálayatı @;@Самарқанд@;@Самарканд@;@Samarqand@;@@;@@;@@;@
167@;@1 712@;@"0"@;@Navoiy viloyati@;@1 712 238@;@"21:04:00"@;@Nurota tumani@;@5 877,71582@;@Навоий вилояти@;@Навоийская область@;@Navaiy wálayatı @;@Нурота тумани@;@Район Нурота@;@Nurota rayonı @;@@;@@;@@;@
168@;@1 712@;@"0"@;@Navoiy viloyati@;@1 712 244@;@"21:05:00"@;@Tomdi tumani@;@35 565,3008@;@Навоий вилояти@;@Навоийская область@;@Navaiy wálayatı @;@Томди тумани@;@Район Томди@;@Tóbedi rayonı @;@@;@@;@@;@
169@;@1 712@;@"0"@;@Navoiy viloyati@;@1 712 251@;@"21:07:00"@;@Xatirchi tumani@;@1 367,29932@;@Навоий вилояти@;@Навоийская область@;@Navaiy wálayatı @;@Хатирчи тумани@;@Хатырчинский район@;@Xatirchi rayonı @;@@;@@;@@;@
170@;@1 712@;@"0"@;@Navoiy viloyati@;@1 712 216@;@"21:08:00"@;@Qiziltepa tumani@;@2 226,12671@;@Навоий вилояти@;@Навоийская область@;@Navaiy wálayatı @;@Қизилтепа тумани@;@Кызылтепинский район@;@Qızıltepa rayonı @;@@;@@;@@;@
171@;@1 712@;@"0"@;@Navoiy viloyati@;@1 712 401@;@"21:09:00"@;@Navoiy@;@60,3796234@;@Навоий вилояти@;@Навоийская область@;@Navaiy wálayatı @;@Навоий@;@Навои@;@Navaiy @;@@;@@;@@;@
205@;@1 710@;@"0"@;@Qashqadaryo viloyati@;@1 710 240@;@"18:08:00"@;@Ko'kdala tumani@;@1 711,63269@;@Қашқадарё вилояти@;@Кашкадарьинская область@;@Qashqadárya wálayatı @;@Кўкдала тумани@;@Кокдальский район@;@Ko'kdala rayonı @;@@;@@;@@;@
191@;@1 735@;@"0"@;@Qoraqalpogiston Respublikasi@;@1 735 212@;@"23:04:00"@;@Kegeyli tumani@;@922,49469@;@Қорақалпогистон Республикаси@;@Республика Каракалпакстан@;@Qaraqalpaqstan Respublikası @;@Кегейли тумани@;@Кегейлинский район@;@Kegeyli rayonı @;@@;@@;@@;@
206@;@1 710@;@"0"@;@Qashqadaryo viloyati@;@1 710 242@;@"18:09:00"@;@Chiroqchi tumani@;@1 138,88916@;@Қашқадарё вилояти@;@Кашкадарьинская область@;@Qashqadárya wálayatı @;@Чироқчи тумани@;@Район Чиракчи@;@Shırashı rayonı @;@@;@@;@@;@
188@;@1 735@;@"0"@;@Qoraqalpogiston Respublikasi@;@1 735 204@;@"23:01:00"@;@Amudaryo tumani@;@1 054,94263@;@Қорақалпогистон Республикаси@;@Республика Каракалпакстан@;@Qaraqalpaqstan Respublikası @;@Амударё тумани@;@Амударьинский район@;@Amudarya rayonı @;@@;@@;@@;@
189@;@1 735@;@"0"@;@Qoraqalpogiston Respublikasi@;@1 735 207@;@"23:02:00"@;@Beruniy tumani@;@3 944,45044@;@Қорақалпогистон Республикаси@;@Республика Каракалпакстан@;@Qaraqalpaqstan Respublikası @;@Беруний тумани@;@Берунийский район@;@Beruniy rayonı @;@@;@@;@@;@
190@;@1 735@;@"0"@;@Qoraqalpogiston Respublikasi@;@1 735 209@;@"23:03:00"@;@Bo'zatov tumani@;@1 966,12988@;@Қорақалпогистон Республикаси@;@Республика Каракалпакстан@;@Qaraqalpaqstan Respublikası @;@Бўзатов тумани@;@Бузатовский район@;@Bozatov rayonı @;@@;@@;@@;@
192@;@1 735@;@"0"@;@Qoraqalpogiston Respublikasi@;@1 735 222@;@"23:05:00"@;@Mo'ynoq tumani@;@37 706,2617@;@Қорақалпогистон Республикаси@;@Республика Каракалпакстан@;@Qaraqalpaqstan Respublikası @;@Мўйноқ тумани@;@Муйнакский район@;@Moynaq rayonı @;@@;@@;@@;@
193@;@1 735@;@"0"@;@Qoraqalpogiston Respublikasi@;@1 735 225@;@"23:06:00"@;@Nukus tumani@;@951,234558@;@Қорақалпогистон Республикаси@;@Республика Каракалпакстан@;@Qaraqalpaqstan Respublikası @;@Нукус тумани@;@Нукусский район@;@Nókis rayonı @;@@;@@;@@;@
194@;@1 735@;@"0"@;@Qoraqalpogiston Respublikasi@;@1 735 230@;@"23:07:00"@;@Taxtako'pir tumani@;@21 071,8945@;@Қорақалпогистон Республикаси@;@Республика Каракалпакстан@;@Qaraqalpaqstan Respublikası @;@Тахтакўпир тумани@;@Тахтакопирский район@;@Taxtakópir rayonı @;@@;@@;@@;@
79@;@1 730@;@"0"@;@Fargona viloyati@;@1 730 242@;@"15:05:00"@;@Yozyovon tumani@;@405,519897@;@Фаргона вилояти@;@Ферганская область@;@Fargona wálayatı @;@Ёзёвон тумани@;@Йозевонский район@;@Jazevon rayonı @;@Ёзёвон т.@;@Yozyovon t.@;@@;@
57@;@1 708@;@"0"@;@Jizzax viloyati@;@1 708 237@;@"13:12:00"@;@Yangiobod tumani@;@732,431763@;@Жиззах вилояти@;@Джизакская область@;@Jizzaq wálayatı @;@Янгиобод тумани@;@Янгиабадский район@;@Jańaobod rayonı @;@@;@@;@@;@
35@;@1 724@;@"0"@;@Sirdaryo viloyati@;@1 724 212@;@"12:01:00"@;@Boyovut tumani@;@522,599487@;@Сирдарё вилояти@;@Сырдарьинская область@;@Sirdaryo wálayatı @;@Боёвут тумани@;@Бойовутский район@;@Boyovut rayonı @;@@;@@;@@;@
36@;@1 724@;@"0"@;@Sirdaryo viloyati@;@1 724 220@;@"12:02:00"@;@Guliston tumani@;@347,183563@;@Сирдарё вилояти@;@Сырдарьинская область@;@Sirdaryo wálayatı @;@Гулистон тумани@;@Гулистанский район@;@Gúlistan rayonı @;@@;@@;@@;@
43@;@1 724@;@"0"@;@Sirdaryo viloyati@;@1 724 410@;@"12:09:00"@;@Shirin@;@18,9627991@;@Сирдарё вилояти@;@Сырдарьинская область@;@Sirdaryo wálayatı @;@Ширин@;@Ширин@;@Shıyrın @;@@;@@;@@;@
44@;@1 724@;@"0"@;@Sirdaryo viloyati@;@1 724 401@;@"12:10:00"@;@Guliston@;@40,8120689@;@Сирдарё вилояти@;@Сырдарьинская область@;@Sirdaryo wálayatı @;@Гулистон@;@Гулистан@;@Gúlistan @;@@;@@;@@;@
172@;@1 712@;@"0"@;@Navoiy viloyati@;@1 712 408@;@"21:10:00"@;@Zarafshon@;@25,7258472@;@Навоий вилояти@;@Навоийская область@;@Navaiy wálayatı @;@Зарафшон@;@Зарафшан@;@Zarafshon@;@@;@@;@@;@
173@;@1 712@;@"0"@;@Navoiy viloyati@;@1 712 248@;@"21:11:00"@;@Uchquduq tumani@;@46 543,1914@;@Навоий вилояти@;@Навоийская область@;@Navaiy wálayatı @;@Учқудуқ тумани@;@Учкудукский район@;@Uchquduq rayonı @;@@;@@;@@;@
102@;@1 714@;@"0"@;@Namangan viloyati@;@1 714 236@;@"16:09:00"@;@Chortoq tumani@;@400,217804@;@Наманган вилояти@;@Наманганская область@;@Namangan wálayatı @;@Чортоқ тумани@;@Чартакский район@;@Saray rayonı @;@@;@@;@@;@
103@;@1 714@;@"0"@;@Namangan viloyati@;@1 714 237@;@"16:10:00"@;@Chust tumani@;@917,132935@;@Наманган вилояти@;@Наманганская область@;@Namangan wálayatı @;@Чуст тумани@;@Чустский район@;@Chust rayonı @;@@;@@;@@;@
129@;@1 710@;@"0"@;@Qashqadaryo viloyati@;@1 710 245@;@"18:10:00"@;@Shahrisabz tumani@;@1 617,12585@;@Қашқадарё вилояти@;@Кашкадарьинская область@;@Qashqadárya wálayatı @;@Шаҳрисабз тумани@;@Шахрисабзский район@;@Qalasısabz rayonı @;@@;@@;@@;@
130@;@1 710@;@"0"@;@Qashqadaryo viloyati@;@1 710 250@;@"18:11:00"@;@Yakkabog' tumani@;@1 111,48621@;@Қашқадарё вилояти@;@Кашкадарьинская область@;@Qashqadárya wálayatı @;@Яккабоғ тумани@;@Яккабагский район@;@Yakkaboǵ rayonı @;@@;@@;@@;@
131@;@1 710@;@"0"@;@Qashqadaryo viloyati@;@1 710 220@;@"18:12:00"@;@Qamashi tumani@;@2 632,43481@;@Қашқадарё вилояти@;@Кашкадарьинская область@;@Qashqadárya wálayatı @;@Қамаши тумани@;@Район Камаши@;@Qamashi rayonı @;@@;@@;@@;@
132@;@1 710@;@"0"@;@Qashqadaryo viloyati@;@1 710 224@;@"18:13:00"@;@Qarshi tumani@;@906,102966@;@Қашқадарё вилояти@;@Кашкадарьинская область@;@Qashqadárya wálayatı @;@Қарши тумани@;@Каршинский район@;@Qarsı rayonı @;@@;@@;@@;@
133@;@1 710@;@"0"@;@Qashqadaryo viloyati@;@1 710 207@;@"18:14:00"@;@G'uzor tumani@;@2 652,94531@;@Қашқадарё вилояти@;@Кашкадарьинская область@;@Qashqadárya wálayatı @;@Ғузор тумани@;@Гузарский район@;@G'uzor rayonı @;@@;@@;@@;@
134@;@1 710@;@"0"@;@Qashqadaryo viloyati@;@1 710 401@;@"18:15:00"@;@Qarshi@;@89,5370483@;@Қашқадарё вилояти@;@Кашкадарьинская область@;@Qashqadárya wálayatı @;@Қарши@;@Карши@;@Qarsı @;@@;@@;@@;@
164@;@1 712@;@"0"@;@Navoiy viloyati@;@1 712 211@;@"21:01:00"@;@Konimex tumani@;@16 084,9619@;@Навоий вилояти@;@Навоийская область@;@Navaiy wálayatı @;@Конимех тумани@;@район Конимех@;@Konimex rayonı @;@@;@@;@@;@
195@;@1 735@;@"0"@;@Qoraqalpogiston Respublikasi@;@1 735 233@;@"23:08:00"@;@To'rtko'l tumani@;@7 380,53271@;@Қорақалпогистон Республикаси@;@Республика Каракалпакстан@;@Qaraqalpaqstan Respublikası @;@Тўрткўл тумани@;@Турткульский район@;@Turtkul rayonı @;@@;@@;@@;@
196@;@1 735@;@"0"@;@Qoraqalpogiston Respublikasi@;@1 735 236@;@"23:09:00"@;@Xo'jayli tumani@;@534,604248@;@Қорақалпогистон Республикаси@;@Республика Каракалпакстан@;@Qaraqalpaqstan Respublikası @;@Хўжайли тумани@;@Ходжалинский район@;@Xójeyli rayonı @;@@;@@;@@;@
197@;@1 735@;@"0"@;@Qoraqalpogiston Respublikasi@;@1 735 240@;@"23:10:00"@;@Chimboy tumani@;@1 405,61597@;@Қорақалпогистон Республикаси@;@Республика Каракалпакстан@;@Qaraqalpaqstan Respublikası @;@Чимбой тумани@;@Чимбайский район@;@Shımbay rayonı @;@@;@@;@@;@
198@;@1 735@;@"0"@;@Qoraqalpogiston Respublikasi@;@1 735 243@;@"23:11:00"@;@Shumanay tumani@;@805,888245@;@Қорақалпогистон Республикаси@;@Республика Каракалпакстан@;@Qaraqalpaqstan Respublikası @;@Шуманай тумани@;@Шуманайский район@;@Shumanay rayonı @;@@;@@;@@;@
89@;@1 730@;@"0"@;@Fargona viloyati@;@1 730 230@;@"15:15:00"@;@O'zbekiston tumani@;@695,397888@;@Фаргона вилояти@;@Ферганская область@;@Fargona wálayatı @;@Ўзбекистон тумани@;@Узбекистанский район@;@O ' zbekiston rayonı @;@Ўзбекистон т.@;@O'zbekiston t.@;@@;@
90@;@1 730@;@"0"@;@Fargona viloyati@;@1 730 405@;@"15:16:00"@;@Qo'qon@;@34,3978767@;@Фаргона вилояти@;@Ферганская область@;@Fargona wálayatı @;@Қўқон@;@Кокан@;@Kokan@;@Қўқон@;@Qo'qon@;@@;@
91@;@1 730@;@"0"@;@Fargona viloyati@;@1 730 408@;@"15:18:00"@;@Quvasoy shahar@;@263,664001@;@Фаргона вилояти@;@Ферганская область@;@Fargona wálayatı @;@Қувасой шаҳар@;@Город Кувасай@;@Quvasoy qalası @;@Қувасой@;@Quvasoy@;@@;@
92@;@1 730@;@"0"@;@Fargona viloyati@;@1 730 412@;@"15:19:00"@;@Marg'ilon@;@36,5204582@;@Фаргона вилояти@;@Ферганская область@;@Fargona wálayatı @;@Марғилон@;@Маргилон@;@Margilon@;@Марғилон@;@Marg'ilon@;@@;@
81@;@1 730@;@"0"@;@Fargona viloyati@;@1 730 203@;@"15:07:00"@;@Oltiariq tumani@;@626,76593@;@Фаргона вилояти@;@Ферганская область@;@Fargona wálayatı @;@Олтиариқ тумани@;@олтинарыкский район@;@Altınark rayonı @;@Олтиариқ т.@;@Oltiariq t.@;@@;@
204@;@1 735@;@"0"@;@Qoraqalpogiston Respublikasi@;@1 735 228@;@"23:18:00"@;@Taxiatosh tumani@;@188,6315@;@Қорақалпогистон Республикаси@;@Республика Каракалпакстан@;@Qaraqalpaqstan Respublikası @;@Тахиатош тумани@;@Тахиатошский район@;@Taxiatosh rayonı @;@@;@@;@@;@
40@;@1 724@;@"0"@;@Sirdaryo viloyati@;@1 724 216@;@"12:06:00"@;@Sayxunobod tumani@;@450,925232@;@Сирдарё вилояти@;@Сырдарьинская область@;@Sirdaryo wálayatı @;@Сайхунобод тумани@;@Сайхунабадский район@;@Sayxunobod rayonı @;@@;@@;@@;@
41@;@1 724@;@"0"@;@Sirdaryo viloyati@;@1 724 231@;@"12:07:00"@;@Sirdaryo tumani@;@529,635925@;@Сирдарё вилояти@;@Сырдарьинская область@;@Sirdaryo wálayatı @;@Сирдарё тумани@;@Сырдарьинский район@;@Sirdaryo rayonı @;@@;@@;@@;@
42@;@1 724@;@"0"@;@Sirdaryo viloyati@;@1 724 235@;@"12:08:00"@;@Xovos tumani@;@571,717407@;@Сирдарё вилояти@;@Сырдарьинская область@;@Sirdaryo wálayatı @;@Ховос тумани@;@Ховосский район@;@Xovos rayonı @;@@;@@;@@;@
86@;@1 730@;@"0"@;@Fargona viloyati@;@1 730 221@;@"15:12:00"@;@Uchko'prik tumani@;@275,873657@;@Фаргона вилояти@;@Ферганская область@;@Fargona wálayatı @;@Учкўприк тумани@;@Учкоприкский район@;@Uchko ' prik rayonı @;@Учкўприк т.@;@Uchko'prik t.@;@@;@
84@;@1 730@;@"0"@;@Fargona viloyati@;@1 730 226@;@"15:10:00"@;@So'x tumani@;@224,674515@;@Фаргона вилояти@;@Ферганская область@;@Fargona wálayatı @;@Сўх тумани@;@Район Сох@;@So ' x rayonı @;@Сўх т.@;@So'x t.@;@@;@
75@;@1 730@;@"0"@;@Fargona viloyati@;@1 730 209@;@"15:01:00"@;@Bog'dod tumani@;@333,905212@;@Фаргона вилояти@;@Ферганская область@;@Fargona wálayatı @;@Боғдод тумани@;@Багдадский район@;@Bag'dod rayonı @;@Боғдод т.@;@Bog'dod t.@;@@;@
76@;@1 730@;@"0"@;@Fargona viloyati@;@1 730 215@;@"15:02:00"@;@Beshariq tumani@;@751,835632@;@Фаргона вилояти@;@Ферганская область@;@Fargona wálayatı @;@Бешариқ тумани@;@Бешарикский район@;@Beshariq rayonı @;@Бешариқ т.@;@Beshariq t.@;@@;@
83@;@1 730@;@"0"@;@Fargona viloyati@;@1 730 224@;@"15:09:00"@;@Rishton tumani@;@309,025665@;@Фаргона вилояти@;@Ферганская область@;@Fargona wálayatı @;@Риштон тумани@;@Район Риштон@;@Rishton rayonı @;@Риштон т.@;@Rishton t.@;@@;@
93@;@1 730@;@"0"@;@Fargona viloyati@;@1 730 401@;@"15:20:00"@;@Farg'ona@;@99,7214279@;@Фаргона вилояти@;@Ферганская область@;@Fargona wálayatı @;@Фарғона@;@Фергана@;@Ferǵana qalası @;@Фарғона@;@Farg'ona@;@@;@
80@;@1 730@;@"0"@;@Fargona viloyati@;@1 730 218@;@"15:06:00"@;@Quva tumani@;@436,91684@;@Фаргона вилояти@;@Ферганская область@;@Fargona wálayatı @;@Қува тумани@;@Район Кува@;@Quva rayonı @;@Қува т.@;@Quva tumani@;@@;@
88@;@1 730@;@"0"@;@Fargona viloyati@;@1 730 238@;@"15:14:00"@;@Furqat tumani@;@300,072784@;@Фаргона вилояти@;@Ферганская область@;@Fargona wálayatı @;@Фурқат тумани@;@Район Фуркат@;@Ayralıq rayonı @;@Фурқат т.@;@Furqat t.@;@@;@
